Identifier Name,FINAL GRAMMAR PATTERN,POSSE,SWUM,STANFORD,system,language
ares expand name for response,PRE V N P N,V N P N,V NM N P N,NPL V N P N,{'grpc.srcml.xml_identifiers'},C
BKE lattice index flip,PRE NM N V,N N N V,V NM NM N,V N N V,{'blender.srcml.xml_identifiers'},C
BLI str r strip,PRE N VM V,N N N V,V NM NM N,N N N N,{'blender.srcml.xml_identifiers'},C
Delete Input,V N,V N,V N,V N,{'grpc.srcml.xml_identifiers'},C
dialog info update,NM N V,N N V,V NM N,V N V,{'gimp.srcml.xml_identifiers'},C
dump cemd cmd,V NM N,V N N,V NM N,V N N,{'openFrameworks.srcml.xml_identifiers'},C
dump Frame buffer Formats,V NM NM NPL,V N N N,V NM NM N,V N N NPL,{'irrlicht.srcml.xml_identifiers'},C
Get DMF Header,V NM N,V N N,V NM N,V N N,{'irrlicht.srcml.xml_identifiers'},C
Get Meta Index,V NM N,V N N,V NM N,V N N,{'Telegram.srcml.xml_identifiers'},C
get Plane Point,V NM N,V NM N,V NM N,V N N,{'ogre.srcml.xml_identifiers'},C
gimp canvas rectangle set property,PRE NM N V N,V N N NM N,V NM NM NM N,V N N N N,{'gimp.srcml.xml_identifiers'},C
gimp devices check change,PRE NPL V V,V N N N,V NM NM N,V NPL N N,{'gimp.srcml.xml_identifiers'},C
gimp eraser default,PRE N NM,V N N,V NM N,N N N,{'gimp.srcml.xml_identifiers'},C
gimp filter tool set gyroscope,PRE NM N V N,V N N NM N,V NM NM NM N,V N N N N,{'gimp.srcml.xml_identifiers'},C
gimp image file get thumbnail,PRE NM N V N,V N N N N,V NM NM NM N,V N N V NM,{'gimp.srcml.xml_identifiers'},C
gimp param drawable id init,PRE NM NM N V,V N NM N N,V NM NM NM N,V N NM N N,{'gimp.srcml.xml_identifiers'},C
gimp selection tool class init,PRE NM NM N V,V N N N N,V NM NM NM N,V N N N N,{'gimp.srcml.xml_identifiers'},C
gimp status bar progress canceled,PRE NM NM N V,V N N N V,NM NM NM N P,V N N N V,{'gimp.srcml.xml_identifiers'},C
gimp value set int32 array,PRE N V NM N,V N NM N N,V NM NM NM D N,V N V N N,{'gimp.srcml.xml_identifiers'},C
gimp wire compare,PRE N V,V N N,V NM N,V N V,{'gimp.srcml.xml_identifiers'},C
gpencil primitive modal,NM NM N,N N NM,NM NM N,V NM N,{'blender.srcml.xml_identifiers'},C
ico load layer,PRE V N,V N,V NM N,V N N,{'gimp.srcml.xml_identifiers'},C
imb stereo3d read interlace,PRE NM V N,N N N V,V NM D NM NM N,V NM N V,{'blender.srcml.xml_identifiers'},C
is canon,V N,V N,V N,V N,{'blender.srcml.xml_identifiers'},C
layer get composite mode invoker,NM V NM NM N,V NM N N,V NM NM NM N,N V NM N N,{'gimp.srcml.xml_identifiers'},C
nla invert combine value,NM V NM N,N N N N,V NM NM N,V VM V N,{'blender.srcml.xml_identifiers'},C
palette poll,N V,V,NM N,V N,{'blender.srcml.xml_identifiers'},C
path With Native Separators,N P NM NPL,POSSEFAILURE,NM NM NM N,N P NM NPL,{'kdevelop.srcml.xml_identifiers'},C
png do strip channel,NM V V N,V N N,PRE V V N,VM V N N,{'irrlicht.srcml.xml_identifiers'},C
png get row bytes,NM V NM NPL,V N N,PRE V NM N,V V N NPL,{'irrlicht.srcml.xml_identifiers'},C
png get rows,NM V NPL,V N,PRE V N,V V NPL,{'irrlicht.srcml.xml_identifiers'},C
png get unknown chunks,NM V NM NPL,V NM N,PRE V NM N,V V NM NPL,{'irrlicht.srcml.xml_identifiers'},C
png init palette transformations,NM V NM NPL,V N N,PRE V NM N,N N N NPL,{'irrlicht.srcml.xml_identifiers'},C
png read IDAT data,NM V NM N,V N N,PRE V NM N,VM V N NPL,{'irrlicht.srcml.xml_identifiers'},C
pnm load raw pfm,NM V NM N,V NM N,V NM NM N,V N NM N,{'gimp.srcml.xml_identifiers'},C
pybullet compute View Matrix,PRE V NM N,V N N,V NM NM N,V V N N,{'bullet3.srcml.xml_identifiers'},C
read subframe,V N,V N,V N,V N,{'Telegram.srcml.xml_identifiers'},C
render result exr file end,V NM NM NM N,V N N N N,V NM NM NM N,V N N N N,{'blender.srcml.xml_identifiers'},C
Reset Token Stats,V NM NPL,V NM N,V NM N,V NM NPL,{'Telegram.srcml.xml_identifiers'},C
saturated cast,NM N,NM N,V N,V N,{'Telegram.srcml.xml_identifiers'},C
Set Add Faces Points,V V NM NPL,V N N N,V NM NM N,V V N N,{'bullet3.srcml.xml_identifiers'},C
silk bw expander 32,NM NM N D,N N N NM,NM NM N D,N N N D,{'Telegram.srcml.xml_identifiers'},C
sqlite3 session config,PRE N V,N N N,V D NM N,V N N,{'Telegram.srcml.xml_identifiers'},C
sqlite3 Walk Expr List,PRE V NM N,V N N,V D NM NM N,V V N N,{'Telegram.srcml.xml_identifiers'},C
stmt Close,N V,V,V N,V N,{'Telegram.srcml.xml_identifiers'},C
TIFF Current Tile,NM NM N,N N V,NM NM N,V NM N,{'opencv.srcml.xml_identifiers'},C
TIFF Get Size Proc,NM V NM N,V NM N,NM V NM N,N V N N,{'opencv.srcml.xml_identifiers'},C
unpack texture Blend Func,V NM NM N,V N N N,V NM NM N,V N N N,{'irrlicht.srcml.xml_identifiers'},C
write tcp data,V NM N,V N N,V NM N,V NM NPL,{'grpc.srcml.xml_identifiers'},C
always preview,VM V,N N,NM N,VM N,{'gimp.srcml.xml_identifiers'},C
animation box,NM N,N N,NM N,N N,{'gimp.srcml.xml_identifiers'},C
avg 1,N D,N N,NM N,N D,{'opencv.srcml.xml_identifiers'},C
best b,NM N,NM N,NM N,NM N,{'gimp.srcml.xml_identifiers'},C
byte Count,NM N,N N,NM N,N N,{'Telegram.srcml.xml_identifiers'},C
compiling Contexts,V NPL,N N,NM N,NM NPL,{'kdevelop.srcml.xml_identifiers'},C
corr QC,NM N,N N,NM N,N N,{'Telegram.srcml.xml_identifiers'},C
default look,NM N,N N,NM N,N N,{'blender.srcml.xml_identifiers'},C
dst Saturation,NM N,N N,NM N,V N,{'calligra.srcml.xml_identifiers'},C
element spec,NM N,N N,NM N,N N,{'gimp.srcml.xml_identifiers'},C
face index,NM N,N N,NM N,N N,{'blender.srcml.xml_identifiers'},C
forked iter,V N,NM N,NM N,NM N,{'blender.srcml.xml_identifiers'},C
identifier quark,NM N,N N,NM N,NM N,{'gimp.srcml.xml_identifiers'},C
idx u,NM N,N N,NM N,N N,{'blender.srcml.xml_identifiers'},C
inv unit scale,NM NM N,N N N,NM NM N,N N N,{'blender.srcml.xml_identifiers'},C
is a empty,V DT N,POSSEFAILURE,NM NM N,V DT NM,{'grpc.srcml.xml_identifiers'},C
label casefold,NM N,N N,NM N,N N,{'gimp.srcml.xml_identifiers'},C
line 1 grad,NM D N,N NM N,NM NM N,N D N,{'gimp.srcml.xml_identifiers'},C
melanin ofs,NM N,N N,NM N,N NPL,{'blender.srcml.xml_identifiers'},C
nbr gaps,NM NPL,N N,NM N,N NPL,{'blender.srcml.xml_identifiers'},C
nearest point,NM N,V,NM N,NM N,{'blender.srcml.xml_identifiers'},C
need fallback,V N,V N,NM N,N N,{'blender.srcml.xml_identifiers'},C
neighbor pos,NM N,N N,NM N,N NPL,{'gimp.srcml.xml_identifiers'},C
new image height,NM NM N,NM N N,NM NM N,NM N N,{'gimp.srcml.xml_identifiers'},C
new order,NM N,NM N,NM N,NM N,{'blender.srcml.xml_identifiers'},C
num primes,NM NPL,N N,NM N,N V,{'Telegram.srcml.xml_identifiers'},C
num Vec Per Segment,NM N P N,N N N N,NM NM NM N,N N P N,{'Telegram.srcml.xml_identifiers'},C
num Verts In A,NM NPL P N,POSSEFAILURE,NM NM NM N,N NPL P N,{'bullet3.srcml.xml_identifiers'},C
out d G,N NM NM,P NM N,NM NM N,P N N,{'Telegram.srcml.xml_identifiers'},C
paint radio,NM N,N N,NM N,N N,{'gimp.srcml.xml_identifiers'},C
param Def,NM N,N N,NM N,V N,{'ogre.srcml.xml_identifiers'},C
progress out,V N,POSSEFAILURE,NM N,V VM,{'irrlicht.srcml.xml_identifiers'},C
r hdr,NM N,N N,NM N,N N,{'openFrameworks.srcml.xml_identifiers'},C
raw nor,NM N,NM N,NM N,NM CJ,{'blender.srcml.xml_identifiers'},C
rcp len 2,NM N D,N N N,NM NM N,N N D,{'bullet3.srcml.xml_identifiers'},C
rem F,NM N,N N,NM N,V N,{'irrlicht.srcml.xml_identifiers'},C
rgb real,NM N,N N,NM N,N N,{'gimp.srcml.xml_identifiers'},C
root ptr,NM N,N N,NM N,N N,{'blender.srcml.xml_identifiers'},C
selection bounds,NM NPL,N N,NM N,N NPL,{'gimp.srcml.xml_identifiers'},C
source index,NM N,N N,NM N,N N,{'openFrameworks.srcml.xml_identifiers'},C
sz Joint Ranges,NM NM NPL,N NM N,NM NM N,P N NPL,{'bullet3.srcml.xml_identifiers'},C
target chars,NM NPL,N N,NM N,N V,{'grpc.srcml.xml_identifiers'},C
text Chopped 2,N NM D,N NM N,NM NM N,N N D,{'swift.srcml.xml_identifiers'},C
tmp vec,NM N,N N,NM N,N N,{'blender.srcml.xml_identifiers'},C
to XYZ,P N,P N,NM N,P N,{'bullet3.srcml.xml_identifiers'},C
txt alias,NM N,N N,NM N,N N,{'grpc.srcml.xml_identifiers'},C
update area,NM N,N N,NM N,V N,{'gimp.srcml.xml_identifiers'},C
v proj axis,NM NM N,NM N N,NM NM N,N NM N,{'blender.srcml.xml_identifiers'},C
wat id,NM N,N N,NM N,NM N,{'irrlicht.srcml.xml_identifiers'},C
within vertically,P VM,POSSEFAILURE,NM N,P VM,{'gimp.srcml.xml_identifiers'},C
worst score,NM N,NM N,NM N,NM N,{'opencv.srcml.xml_identifiers'},C
accelerometer Data,NM N,N N,NM N,N N,{'openFrameworks.srcml.xml_identifiers'},C
addr,N,N,N,N,{'grpc.srcml.xml_identifiers'},C
build time minor,NM NM N,N N N,NM NM N,V N NM,{'gimp.srcml.xml_identifiers'},C
convex Shapes,NM NPL,NM N,NM N,N N,{'bullet3.srcml.xml_identifiers'},C
current median,NM N,NM N,NM N,NM N,{'Telegram.srcml.xml_identifiers'},C
curvatures height,NM N,N N,NM N,NPL N,{'gimp.srcml.xml_identifiers'},C
default,N,N,N,N,{'gimp.srcml.xml_identifiers'},C
default open,NM N,V N,NM N,N NM,{'bullet3.srcml.xml_identifiers'},C
dest points,NM NPL,NM N,NM N,N NPL,{'gimp.srcml.xml_identifiers'},C
destroy with parent,V P N,V P N,NM NM N,V P N,{'gimp.srcml.xml_identifiers'},C
dispose,N,V,N,V,{'gimp.srcml.xml_identifiers'},C
down sample,NM N,P N,NM N,P N,{'Telegram.srcml.xml_identifiers'},C
echo path change,V NM N,V N N,NM NM N,V N N,{'Telegram.srcml.xml_identifiers'},C
esa,N,N,N,N,{'irrlicht.srcml.xml_identifiers'},C
fine priority,NM N,NM N,NM N,NM N,{'Telegram.srcml.xml_identifiers'},C
first type label,NM NM N,NM N N,NM NM N,NM N N,{'gimp.srcml.xml_identifiers'},C
frame,N,N,N,N,{'Telegram.srcml.xml_identifiers'},C
frame pixel coords,NM NM NPL,N N N,NM NM N,N N NPL,{'blender.srcml.xml_identifiers'},C
full path,NM N,NM N,NM N,NM N,{'gimp.srcml.xml_identifiers'},C
in buffer,NM N,P N,NM N,P N,{'openFrameworks.srcml.xml_identifiers'},C
l b layer,NM NM N,NM N N,NM NM N,N N N,{'blender.srcml.xml_identifiers'},C
line index mask len,NM NM NM N,N N N N,NM NM NM N,N N N N,{'blender.srcml.xml_identifiers'},C
mapped color,NM N,N N,NM N,NM N,{'gimp.srcml.xml_identifiers'},C
n layers,NM NPL,N N,NM N,N NPL,{'gimp.srcml.xml_identifiers'},C
n vector,NM N,N N,NM N,N N,{'irrlicht.srcml.xml_identifiers'},C
next func,NM N,NM N,DT N,NM N,{'blender.srcml.xml_identifiers'},C
on connect,P N,POSSEFAILURE,NM N,P V,{'grpc.srcml.xml_identifiers'},C
out buf,NM N,P N,NM N,P N,{'irrlicht.srcml.xml_identifiers'},C
out table,NM N,P N,NM N,P N,{'bullet3.srcml.xml_identifiers'},C
overlap,N,N,N,V,{'Telegram.srcml.xml_identifiers'},C
own flags,NM NPL,NM N,NM N,NM NPL,{'blender.srcml.xml_identifiers'},C
p global info 32,PRE NM N D,N NM N NM,NM NM NM N,N NM N D,{'bullet3.srcml.xml_identifiers'},C
Pass Machine Instructions,NM NM NPL,NM N N,NM NM N,V N NPL,{'ogre.srcml.xml_identifiers'},C
pi Hash,PRE N,N N,NM N,N N,{'Telegram.srcml.xml_identifiers'},C
point index,NM N,N N,NM N,N N,{'blender.srcml.xml_identifiers'},C
print t,V N,V N,NM N,N N,{'gimp.srcml.xml_identifiers'},C
radius,N,N,N,N,{'gimp.srcml.xml_identifiers'},C
rets,NPL,V,N,NPL,{'blender.srcml.xml_identifiers'},C
save Dual Cells,V NM NPL,V NM N,NM NM N,P NM NPL,{'ogre.srcml.xml_identifiers'},C
secondary range,NM N,NM N,NM N,NM N,{'gimp.srcml.xml_identifiers'},C
size on first use,N P NM N,V P NM N,NM NM NM N,N P NM N,{'bullet3.srcml.xml_identifiers'},C
speech in,NM N,POSSEFAILURE,NM N,N P,{'Telegram.srcml.xml_identifiers'},C
strength,N,N,N,N,{'blender.srcml.xml_identifiers'},C
table 2 id,N D N,N NM N,NM NM N,N D N,{'gimp.srcml.xml_identifiers'},C
time range,NM N,N N,NM N,N N,{'blender.srcml.xml_identifiers'},C
want x,V N,N N,NM N,V N,{'openFrameworks.srcml.xml_identifiers'},C
z p i,NM NM N,N N N,NM NM N,N N N,{'openFrameworks.srcml.xml_identifiers'},C
zoom x y,NM N N,N NM N,NM NM N,V N N,{'blender.srcml.xml_identifiers'},C
ambient,N,NM,N,NM,{'openFrameworks.srcml.xml_identifiers'},C
average In Bucket Used Slot Count,N P NM NM NM N,V P N NM N N,NM NM NM NM NM N,N P N NM N N,{'kdevelop.srcml.xml_identifiers'},C
Bitmap Data Size,NM NM N,N N N,NM NM N,N N N,{'irrlicht.srcml.xml_identifiers'},C
bm log,NM N,N N,NM N,N N,{'blender.srcml.xml_identifiers'},C
Bounding Radius,NM N,N N,NM N,NM N,{'irrlicht.srcml.xml_identifiers'},C
canvas item,NM N,N N,NM N,N N,{'gimp.srcml.xml_identifiers'},C
char strings,NM NPL,N N,NM N,N NPL,{'bullet3.srcml.xml_identifiers'},C
colored Count,NM N,NM N,NM N,NM N,{'kdevelop.srcml.xml_identifiers'},C
component Type,NM N,N N,NM N,N N,{'ogre.srcml.xml_identifiers'},C
creds,NPL,N,N,NPL,{'grpc.srcml.xml_identifiers'},C
crop node,NM N,N N,NM N,N N,{'gimp.srcml.xml_identifiers'},C
debug policy,NM N,N N,NM N,V N,{'gimp.srcml.xml_identifiers'},C
default instance void,NM NM N,N N N,NM NM N,N N N,{'opencv.srcml.xml_identifiers'},C
delay agnostic enabled,NM N V,N N V,NM NM N,N NM NM,{'Telegram.srcml.xml_identifiers'},C
depth cb,NM N,N N,NM N,N N,{'openFrameworks.srcml.xml_identifiers'},C
depth Stencil As Texture,NM N P N,POSSEFAILURE,NM NM NM N,N N P N,{'openFrameworks.srcml.xml_identifiers'},C
Detect Leaks,V NPL,V N,NM N,V NPL,{'grpc.srcml.xml_identifiers'},C
edit count,NM N,N N,NM N,V N,{'gimp.srcml.xml_identifiers'},C
EGLEW ANDROID frame buffer target,PRE PRE NM NM N,N N N N N,NM NM NM NM N,NM N N N N,{'blender.srcml.xml_identifiers'},C
eglew Create Platform Window Surface,PRE V NM NM N,N N N N N,NM NM NM NM N,NPL V N N N,{'blender.srcml.xml_identifiers'},C
EGLEW KHR stream fifo,PRE PRE NM N,N N N N,NM NM NM N,N N N N,{'blender.srcml.xml_identifiers'},C
enabled subdevices,NM NPL,N N,NM N,NM NPL,{'openFrameworks.srcml.xml_identifiers'},C
flag,N,N,N,N,{'blender.srcml.xml_identifiers'},C
free cell,NM N,NM N,NM N,NM N,{'gimp.srcml.xml_identifiers'},C
glew Index Mask,PRE NM N,N N N,NM NM N,V N N,{'blender.srcml.xml_identifiers'},C
glew Render Mode,PRE NM N,N N N,NM NM N,V N N,{'blender.srcml.xml_identifiers'},C
glew Validate Program Pipeline,PRE V NM N,N N N N,NM NM NM N,V N N N,{'ogre.srcml.xml_identifiers'},C
H Wnd,N NM,N N,NM N,N N,{'irrlicht.srcml.xml_identifiers'},C
height int,NM N,N N,NM N,N N,{'gimp.srcml.xml_identifiers'},C
img buffer original,NM N NM,N N N,NM NM N,N N N,{'ogre.srcml.xml_identifiers'},C
index Data,NM NPL,N N,NM N,N N,{'ogre.srcml.xml_identifiers'},C
index To Loc Format,N P NM N,V P N N,NM NM NM N,N P N N,{'bullet3.srcml.xml_identifiers'},C
Is Indirect Result,V NM N,V NM N,NM NM N,V NM N,{'swift.srcml.xml_identifiers'},C
is partial,V N,N N,NM N,V NM,{'opencv.srcml.xml_identifiers'},C
key sym,NM N,NM N,NM N,NM N,{'ogre.srcml.xml_identifiers'},C
layer mask source node,NM NM NM N,N N N N,NM NM NM N,N N N N,{'gimp.srcml.xml_identifiers'},C
Link Name,NM N,N N,NM N,N N,{'irrlicht.srcml.xml_identifiers'},C
m num Visual Shapes Copied,PRE NM NM NM N,NM N NM N V,NM NM NM NM N,N N N N N,{'bullet3.srcml.xml_identifiers'},C
m post Fix,PRE NM N,NM N N,NM NM N,N N V,{'bullet3.srcml.xml_identifiers'},C
m remove User Data Response Args,PRE NM NM NM NM NPL,NM N N N N N,NM NM NM NM NM N,N V N N N N,{'bullet3.srcml.xml_identifiers'},C
m Shadow Receiver Pass,PRE NM NM N,NM N N N,NM NM NM N,N N N N,{'ogre.srcml.xml_identifiers'},C
m Sky Box Orientation,PRE NM NM N,NM N N N,NM NM NM N,N N N N,{'ogre.srcml.xml_identifiers'},C
m Sky Plane Render Queue,PRE NM NM NM N,NM N NM N N,NM NM NM NM N,N N N N N,{'ogre.srcml.xml_identifiers'},C
m transform Change Args,PRE NM NM NPL,NM N N N,NM NM NM N,N V N N,{'bullet3.srcml.xml_identifiers'},C
m VS Out Light Position,PRE NM NM NM N,POSSEFAILURE,NM NM NM NM N,N N P NM N,{'ogre.srcml.xml_identifiers'},C
Nav Visible,N NM,N NM,NM N,N N,{'bullet3.srcml.xml_identifiers'},C
num axis events,NM NM NPL,N N N,NM NM N,N N NPL,{'gimp.srcml.xml_identifiers'},C
num body parts,NM NM NPL,N N N,NM NM N,N N NPL,{'irrlicht.srcml.xml_identifiers'},C
num cols,NM NPL,N N,NM N,N NPL,{'blender.srcml.xml_identifiers'},C
num groups,NM NPL,N N,NM N,N NPL,{'irrlicht.srcml.xml_identifiers'},C
num light,NM N,N N,NM N,N N,{'gimp.srcml.xml_identifiers'},C
num Tess Face Data,NM NM NM N,N N N N,NM NM NM N,N N N N,{'blender.srcml.xml_identifiers'},C
Number Start,NM N,N N,NM N,N N,{'irrlicht.srcml.xml_identifiers'},C
other side x,NM NM N,NM NM N,DT NM N,NM NM N,{'gimp.srcml.xml_identifiers'},C
packet sent,NM N,N N,NM N,N NM,{'grpc.srcml.xml_identifiers'},C
pickup,N,N,N,N,{'irrlicht.srcml.xml_identifiers'},C
pixel Width,NM N,N N,NM N,V N,{'irrlicht.srcml.xml_identifiers'},C
proof profile,NM N,NM N,NM N,N N,{'gimp.srcml.xml_identifiers'},C
q tail,NM N,N N,NM N,N N,{'grpc.srcml.xml_identifiers'},C
RC Identity,NM N,N N,NM N,N N,{'swift.srcml.xml_identifiers'},C
Replacement Length,NM N,N N,NM N,N N,{'swift.srcml.xml_identifiers'},C
rotate desc,NM N,N N,NM N,V N,{'gimp.srcml.xml_identifiers'},C
samplers,NPL,N,N,NPL,{'ogre.srcml.xml_identifiers'},C
selection width label,NM NM N,N N N,NM NM N,N N N,{'gimp.srcml.xml_identifiers'},C
session ticket key,NM NM N,N N N,NM NM N,N N N,{'grpc.srcml.xml_identifiers'},C
spline max len,NM NM N,N N N,NM NM N,N N N,{'gimp.srcml.xml_identifiers'},C
Step No,NM N,N N,NM DT,V N,{'bullet3.srcml.xml_identifiers'},C
tot channel,NM N,N N,NM N,N N,{'blender.srcml.xml_identifiers'},C
tot elem,NM N,N N,NM N,N N,{'blender.srcml.xml_identifiers'},C
user hook 3,NM N D,N N N,NM NM N,N N D,{'blender.srcml.xml_identifiers'},C
video chunk cb,NM NM N,N N N,NM NM N,N N N,{'openFrameworks.srcml.xml_identifiers'},C
X dnd Type List,NM NM NM N,NM N N N,NM NM NM N,N N N N,{'blender.srcml.xml_identifiers'},C
x origin,NM N,NM N,NM N,N N,{'bullet3.srcml.xml_identifiers'},C
X scale,NM N,NM N,NM N,N N,{'irrlicht.srcml.xml_identifiers'},C
ya Bottom,NM N,N N,NM N,PR N,{'calligra.srcml.xml_identifiers'},C
zero plane res,NM NM N,NM NM N,PR NM N,D N NPL,{'openFrameworks.srcml.xml_identifiers'},C
Area Info Dialog t,NM NM NM N,N N N N,NM NM NM N,N N N N,{'gimp.srcml.xml_identifiers.idents'},C
Child Location,NM N,N N,NM N,N N,{'gimp.srcml.xml_identifiers.idents'},C
Command t,NM N,N N,NM N,N N,{'gimp.srcml.xml_identifiers.idents'},C
D obj Points,NM NM NPL,NM N N,NM NM N,N N NPL,{'gimp.srcml.xml_identifiers.idents'},C
Dialog Elements,NM NPL,N N,NM N,NM NPL,{'gimp.srcml.xml_identifiers.idents'},C
Check Writeable,V NM,V NM,V N,V NM,{'grpc.srcml.xml_identifiers'},C#
Get Longitude,V N,V N,V N,V N,{'grpc.srcml.xml_identifiers'},C#
atn State,NM N,N N,NM N,V N,{'antlr4.srcml.xml_identifiers'},C#
generate Rule Bypass Transitions,V NM NM NPL,V N N N,NM NM NM N,V N N NPL,{'antlr4.srcml.xml_identifiers'},C#
inertial Frame,NM N,NM N,NM N,NM N,{'bullet3.srcml.xml_identifiers'},C#
trim Parse Trees,V NM NPL,V N N,NM NM N,V N N,{'antlr4.srcml.xml_identifiers'},C#
bound Port,NM N,NM N,NM N,NM N,{'grpc.srcml.xml_identifiers'},C#
comparison Value,NM N,N N,NM N,N N,{'antlr4.srcml.xml_identifiers'},C#
Added Unicode Smp,NM NM N,N N N,NM NM N,N N N,{'antlr4.srcml.xml_identifiers'},C#
Completion Handler I Unary Response Client Callback,NM N NM NM NM NM N,N N NM NM N N N,NM NM NM NM NM NM N,N N N N N N N,{'grpc.srcml.xml_identifiers'},C#
file Descriptor Proto,NM NM N,N N NM,NM NM N,V N N,{'grpc.srcml.xml_identifiers'},C#
time spec,NM N,N N,NM N,N N,{'grpc.srcml.xml_identifiers'},C#
uuid,N,N,N,N,{'antlr4.srcml.xml_identifiers'},C#
Call Error Extensions,NM NM NPL,N N N,NM NM N,V N NPL,{'grpc.srcml.xml_identifiers'},C#
Cpp Generator Services,NM NM NPL,N N N,NM NM N,N N NPL,{'grpc.srcml.xml_identifiers'},C#
Default Ssl Roots Override,NM NM NPL NM,N N N N,NM NM NM N,N N N N,{'grpc.srcml.xml_identifiers'},C#
Deserialization Context,NM N,N N,NM N,N N,{'grpc.srcml.xml_identifiers'},C#
Main Class,NM N,NM N,NM N,N N,{'grpc.srcml.xml_identifiers'},C#
Mono P Invoke Callback Attribute,NM NM NM NM N,NM N N N N,NM NM NM NM N,N N N N N,{'grpc.srcml.xml_identifiers'},C#
Num,N,N,N,N,{'grpc.srcml.xml_identifiers'},C#
Rule Version Attribute,NM NM N,N N N,NM NM N,N N N,{'antlr4.srcml.xml_identifiers'},C#
Server Safe Handle,NM NM N,N NM N,NM NM N,N N V,{'grpc.srcml.xml_identifiers'},C#
Add Bezier Curve,V NM N,V N N,V NM N,V N N,{'bullet3.srcml.xml_identifiers'},C++
Add Log To Stream,V N P N,V N P N,V N P N,V V P N,{'Telegram.srcml.xml_identifiers'},C++
add Object Index,V NM N,V N N,V NM N,V N N,{'blender.srcml.xml_identifiers'},C++
adjusted Gradient,NM N,NM N,V N,V N,{'calligra.srcml.xml_identifiers'},C++
all Open Files String,DT NM NM N,V N N,DT NM NM N,DT N N N,{'kdevelop.srcml.xml_identifiers'},C++
append Sequence,V N,V N,V N,V N,{'kdevelop.srcml.xml_identifiers'},C++
ARGB Subtract Row C,N V NM N,POSSEFAILURE,PRE V NM NM N,N N N N,{'Telegram.srcml.xml_identifiers'},C++
AUD Sound envelope,PRE NM N,N NM N,V NM N,N N N,{'blender.srcml.xml_identifiers'},C++
b3 Push Profile Timing,PRE V NM N,V N N,PRE D V NM N,V N N N,{'bullet3.srcml.xml_identifiers'},C++
calc LUT,V N,N N,V N,V N,{'opencv.srcml.xml_identifiers'},C++
check GL Support,V NM N,V N N,V V N,V N N,{'openFrameworks.srcml.xml_identifiers'},C++
check Sign,V N,V N,V N,V N,{'QuantLib.srcml.xml_identifiers'},C++
check T,V N,V N,V N,V N,{'QuantLib.srcml.xml_identifiers'},C++
choose Document,V N,V N,V N,V N,{'kdevelop.srcml.xml_identifiers'},C++
Clear Active ID,V NM N,V NM N,V NM N,NM NM N,{'bullet3.srcml.xml_identifiers'},C++
compare Inverse And Forward Dynamics,V NM CJ NM NPL,V NM N NM N,V NM NM NM N,V N CJ N N,{'bullet3.srcml.xml_identifiers'},C++
context Url List,NM NM N,N N N,NM NM N,N N N,{'kdevelop.srcml.xml_identifiers'},C++
Convert To Php Namespace,V P NM N,V P N N,V P NM N,V P N N,{'grpc.srcml.xml_identifiers'},C++
create Duplicate Change Id,V NM NM N,V NM N N,V NM NM N,V N N N,{'calligra.srcml.xml_identifiers'},C++
create In Indices,V NM NPL,V P N,V P N,V P NPL,{'ogre.srcml.xml_identifiers'},C++
create metadata array,V NM N,V N N,V NM N,V N N,{'grpc.srcml.xml_identifiers'},C++
create Sub Buffer,V NM N,V N N,V NM N,V N N,{'opencv.srcml.xml_identifiers'},C++
current Slide,NM N,N V,NM N,NM N,{'calligra.srcml.xml_identifiers'},C++
curves,NPL,V,V,NPL,{'QuantLib.srcml.xml_identifiers'},C++
declare Component,V N,V N,V N,V N,{'kdevelop.srcml.xml_identifiers'},C++
dividend Discount Mother,NM NM N,N N V,NM NM N,N N N,{'QuantLib.srcml.xml_identifiers'},C++
do Print After,V V P,V N P,V V P,V V P,{'swift.srcml.xml_identifiers'},C++
effective Style,NM N,NM N,NM N,NM N,{'calligra.srcml.xml_identifiers'},C++
emit Address,V N,V N,V N,V N,{'swift.srcml.xml_identifiers'},C++
enable Background Opacity,V NM N,V N N,V NM N,V N N,{'calligra.srcml.xml_identifiers'},C++
enable Materials,V NPL,V N,V N,V NPL,{'openFrameworks.srcml.xml_identifiers'},C++
extract Component,V N,V N,V N,V N,{'QuantLib.srcml.xml_identifiers'},C++
fence,N,V,V,N,{'opencv.srcml.xml_identifiers'},C++
find Hashable Base Type,V NM NM N,V NM NM N,V NM NM N,V N N N,{'swift.srcml.xml_identifiers'},C++
Float,N,N,V,V,{'bullet3.srcml.xml_identifiers'},C++
follow Component,V N,V N,V N,V N,{'swift.srcml.xml_identifiers'},C++
Generate Service Descriptor Property,V NM NM N,V N N N,V NM NM N,V N N N,{'grpc.srcml.xml_identifiers'},C++
get Constant Reference For Protocol Descriptor,V NM N P NM N,V NM N P N N,V NM N P NM N,V NM N P N N,{'swift.srcml.xml_identifiers'},C++
get Controller Transform,V NM N,V N N,V NM N,V N N,{'bullet3.srcml.xml_identifiers'},C++
get Default Atlasing Attributes,V NM NM NPL,V N N N,V NM NM N,V N N NPL,{'ogre.srcml.xml_identifiers'},C++
get Diffuse Colour,V NM N,V NM N,V NM N,V N N,{'ogre.srcml.xml_identifiers'},C++
get Jf,V N,V N,V N,V N,{'blender.srcml.xml_identifiers'},C++
get Msg Send Super Ty,V NM NM NM N,V N N NM N,V NM NM NM N,V N V N N,{'swift.srcml.xml_identifiers'},C++
get Red Adjust 2,V NM N D,V NM N N,V NM N D,V N V D,{'ogre.srcml.xml_identifiers'},C++
Get Related View Data Row Double,V NM NM NM N NM,V NM N N N N,V NM NM NM NM N,V N N N N NM,{'grpc.srcml.xml_identifiers'},C++
get Top Border Size,V NM NM N,V NM N N,V NM NM N,V N N N,{'ogre.srcml.xml_identifiers'},C++
get Working Directory,V NM N,V NM N,V NM N,V N N,{'irrlicht.srcml.xml_identifiers'},C++
Get XCR 0,V N D,V N N,V N D,V N D,{'Telegram.srcml.xml_identifiers'},C++
global Scope,NM N,NM N,NM N,NM N,{'kdevelop.srcml.xml_identifiers'},C++
grpc chttp2 mark stream writable,PRE PRE V N NM,N N N N NM,V NM NM NM NM N,V N N N N,{'grpc.srcml.xml_identifiers'},C++
grpc json writer value string,PRE NM NM NM N,N N N N N,V NM NM NM N,V N N N N,{'grpc.srcml.xml_identifiers'},C++
grpc sock addr make wildcards,PRE NM N V NPL,N N N N N,V NM NM NM N,V N NM N NPL,{'grpc.srcml.xml_identifiers'},C++
Handle If,V CJ,V N,V N,V P,{'ogre.srcml.xml_identifiers'},C++
has Composite Op,V NM N,V NM N,V NM N,V N N,{'calligra.srcml.xml_identifiers'},C++
has View Relative Texture Coordinate Generation,V NM NM NM NM N,V N NM N NM N,V NM NM NM NM N,V N NM N NM N,{'ogre.srcml.xml_identifiers'},C++
in SCC,P N,P N,P N,P N,{'swift.srcml.xml_identifiers'},C++
inflation Leg NPV,NM NM N,N N N,NM NM N,N N N,{'QuantLib.srcml.xml_identifiers'},C++
Initialize Dual Graph,V NM N,V NM N,V NM N,V NM N,{'bullet3.srcml.xml_identifiers'},C++
is Generic Type Disambiguating Token,V NM NM NM N,V NM N N V,V NM NM NM N,V NM N N N,{'swift.srcml.xml_identifiers'},C++
is Stdlib Module,V NM N,V N N,V NM N,V N N,{'swift.srcml.xml_identifiers'},C++
is Sum Supported,V N V,V N V,V NM N,V N N,{'opencv.srcml.xml_identifiers'},C++
is Valid Trailing Closure,V NM NM N,V NM N N,V NM NM N,V N N N,{'swift.srcml.xml_identifiers'},C++
last Gradient,NM N,V N,DT N,NM N,{'QuantLib.srcml.xml_identifiers'},C++
lower Boundary Factor,NM NM N,V N N,V NM N,NM N N,{'QuantLib.srcml.xml_identifiers'},C++
max Draw Buffers,NM NM NPL,V N,V NM N,V V NPL,{'openFrameworks.srcml.xml_identifiers'},C++
maximize All,V DT,V N,V DT,V N,{'openFrameworks.srcml.xml_identifiers'},C++
node find output by name,N V N P N,V N P N,NM NM NM NM N,N V N P N,{'blender.srcml.xml_identifiers'},C++
notify Touch Down,V NM N,V N P,V V N,V N N,{'openFrameworks.srcml.xml_identifiers'},C++
of To Binary,PRE P N,POSSEFAILURE,P NM N,P P N,{'openFrameworks.srcml.xml_identifiers'},C++
optimize Identity Cast Composition,V NM NM N,V N N N,V NM NM N,V N V N,{'swift.srcml.xml_identifiers'},C++
presentation Start From First,N V P NM,V P N,NM NM NM N,N N P N,{'calligra.srcml.xml_identifiers'},C++
process Helper,NM N,V N,V N,V N,{'QuantLib.srcml.xml_identifiers'},C++
read Element Text Span,V NM NM N,V N N N,V NM NM N,V N V N,{'calligra.srcml.xml_identifiers'},C++
read Pass,V N,V N,V N,V N,{'irrlicht.srcml.xml_identifiers'},C++
Read Text File,V NM N,V N N,V NM N,V V N,{'ogre.srcml.xml_identifiers'},C++
reapply Filter,V N,V N,V N,V N,{'calligra.srcml.xml_identifiers'},C++
register With Volatility Spread,V P NM N,V P N N,V P NM N,V P N N,{'QuantLib.srcml.xml_identifiers'},C++
remap Nearest Neighbor,V NM N,POSSEFAILURE,V NM N,V N N,{'opencv.srcml.xml_identifiers'},C++
remove Imported Parent Contexts,V NM NM NPL,V NM N N,V NM NM N,V N N N,{'kdevelop.srcml.xml_identifiers'},C++
Render Text,V N,V N,V N,N V,{'bullet3.srcml.xml_identifiers'},C++
repress Ref At Loc,V N P N,V N P N,V N P N,V N P N,{'swift.srcml.xml_identifiers'},C++
resize Linear Open CV,V NM NM N,V NM NM N,V NM NM N,V N N N,{'opencv.srcml.xml_identifiers'},C++
resize Nearest Neighbor,V NM N,POSSEFAILURE,V NM N,V N N,{'opencv.srcml.xml_identifiers'},C++
rgb 2 rgb565,N P N,N NM N,V D N D,V D N,{'opencv.srcml.xml_identifiers'},C++
rgbx 2 bgrx,N P N,N NM N,V D N,V D N,{'opencv.srcml.xml_identifiers'},C++
sanitize Path,V N,V N,V N,V N,{'kdevelop.srcml.xml_identifiers'},C++
save As Quadratic Png,V P NM N,V P NM N,V P NM N,V P N N,{'calligra.srcml.xml_identifiers'},C++
send Serial Config,V NM N,V NM N,V NM N,V NM N,{'openFrameworks.srcml.xml_identifiers'},C++
session Config,NM N,N N,NM N,N N,{'kdevelop.srcml.xml_identifiers'},C++
set Custom Uniform 1 f,V NM N D NM,V NM NM NM N,V NM NM D N,V N N D N,{'openFrameworks.srcml.xml_identifiers'},C++
set Destructor Callback,V NM N,V N N,V NM N,V N N,{'opencv.srcml.xml_identifiers'},C++
set Display Index,V NM N,V N N,V NM N,V V N,{'ogre.srcml.xml_identifiers'},C++
set Frame Pen,V NM N,V N N,V NM N,V N N,{'calligra.srcml.xml_identifiers'},C++
set Invert,V N,V N,V N,V N,{'antlr4.srcml.xml_identifiers'},C++
set Layer Texture Name,V NM NM N,V N N N,V NM NM N,V N N N,{'ogre.srcml.xml_identifiers'},C++
set Tiling,V N,V N,V N,V N,{'ogre.srcml.xml_identifiers'},C++
setup Bounding Box Vertices,V NM NM NPL,N N N N,V NM NM N,N V N NPL,{'ogre.srcml.xml_identifiers'},C++
sha256 hash,NM N,N V,V D N,V NM,{'irrlicht.srcml.xml_identifiers'},C++
shader data to shader globals,NM NPL P NM NPL,POSSEFAILURE,NM NM NM NM N,V NPL P V NPL,{'blender.srcml.xml_identifiers'},C++
status Icon,NM N,N N,NM N,N N,{'kdevelop.srcml.xml_identifiers'},C++
str array len,NM NM N,N N N,V NM N,V N N,{'bullet3.srcml.xml_identifiers'},C++
Stroke Attribute alpha get,NM NM N V,N N N V,V NM NM N,N N N V,{'blender.srcml.xml_identifiers'},C++
TEGRA MORPH INIT,PRE N V,V N,V NM N,N N N,{'opencv.srcml.xml_identifiers'},C++
tessellate To Mesh,V P N,V P N,V P N,V P V,{'openFrameworks.srcml.xml_identifiers'},C++
tool View Position,NM NM N,V N N,V NM N,N N N,{'kdevelop.srcml.xml_identifiers'},C++
transform Path,V N,V N,V N,V N,{'QuantLib.srcml.xml_identifiers'},C++
two Factor Response,NM NM N,NM N N,NM NM N,D N N,{'kdevelop.srcml.xml_identifiers'},C++
unload Textures,V NPL,V N,V N,V NPL,{'openFrameworks.srcml.xml_identifiers'},C++
update Mouse Pos,V NM N,V N N,V NM N,V N N,{'calligra.srcml.xml_identifiers'},C++
V URL Encode,PRE N V,NM N V,PRE V N,N N N,{'bullet3.srcml.xml_identifiers'},C++
verifier get mapping,N V N,V N,NM N V,VM V N,{'grpc.srcml.xml_identifiers'},C++
visit SIL Argument,V NM N,V NM N,V NM N,V N N,{'swift.srcml.xml_identifiers'},C++
widget Destroyed,N V,N V,N P,N V,{'kdevelop.srcml.xml_identifiers'},C++
with Cms Leg Rule,P NM NM N,P N N N,P NM NM N,P N N N,{'QuantLib.srcml.xml_identifiers'},C++
with Market Rate Accuracy,P NM NM N,P N N N,P NM NM N,P N N N,{'QuantLib.srcml.xml_identifiers'},C++
with Rate Bound,P NM N,P N N,NM N P,P N V,{'QuantLib.srcml.xml_identifiers'},C++
worker Thread Wait,NM N V,N N V,NM NM N,N N V,{'bullet3.srcml.xml_identifiers'},C++
world To Screen,N P N,POSSEFAILURE,NM NM N,N P N,{'openFrameworks.srcml.xml_identifiers'},C++
write Node Materials,V NM NPL,V N N,V NM N,V N NPL,{'irrlicht.srcml.xml_identifiers'},C++
x Tilt,NM N,N V,PRE V,N N,{'calligra.srcml.xml_identifiers'},C++
active Tool Id,NM NM N,NM N N,NM NM N,NM N N,{'calligra.srcml.xml_identifiers'},C++
aead crypter seal,NM NM N,N N N,NM NM N,N N N,{'grpc.srcml.xml_identifiers'},C++
anchor Name,NM N,N N,NM N,N N,{'calligra.srcml.xml_identifiers'},C++
angle In Radian,N P N,V P N,NM NM N,N P N,{'calligra.srcml.xml_identifiers'},C++
attrs,NPL,N,N,NPL,{'calligra.srcml.xml_identifiers'},C++
base transform,NM N,N V,NM N,N V,{'bullet3.srcml.xml_identifiers'},C++
best Style,NM N,NM N,NM N,NM N,{'irrlicht.srcml.xml_identifiers'},C++
bind Matrix,NM N,N N,NM N,V N,{'ogre.srcml.xml_identifiers'},C++
binormal type,NM N,N N,NM N,NM N,{'irrlicht.srcml.xml_identifiers'},C++
byte Src,NM N,N N,NM N,N N,{'Telegram.srcml.xml_identifiers'},C++
cam Rot Z,NM NM N,N N N,NM NM N,V N N,{'bullet3.srcml.xml_identifiers'},C++
cap Times,NM NPL,N N,NM N,N N,{'QuantLib.srcml.xml_identifiers'},C++
cb result,NM N,N N,NM N,P N,{'grpc.srcml.xml_identifiers'},C++
cell Cursor,NM N,N N,NM N,N N,{'calligra.srcml.xml_identifiers'},C++
Ch,N,N,N,N,{'grpc.srcml.xml_identifiers'},C++
check Next,V N,N NM,NM DT,V N,{'kdevelop.srcml.xml_identifiers'},C++
clang Can Ty,PRE NM N,N N N,NM NM N,N V N,{'swift.srcml.xml_identifiers'},C++
clip Dist Bug,NM NM N,V N N,NM NM N,V N N,{'ogre.srcml.xml_identifiers'},C++
cms Pricer,NM N,N N,NM N,V N,{'QuantLib.srcml.xml_identifiers'},C++
col Length Left,NM NM N,N N N,NM NM N,N N NM,{'bullet3.srcml.xml_identifiers'},C++
cone translation,NM N,N N,NM N,N N,{'openFrameworks.srcml.xml_identifiers'},C++
control Points,NM NPL,N N,NM N,N NPL,{'calligra.srcml.xml_identifiers'},C++
coterminal Model,NM N,N N,NM N,NM N,{'QuantLib.srcml.xml_identifiers'},C++
cp 1254,N D,N N,NM N,P D,{'calligra.srcml.xml_identifiers'},C++
current Charuco Corners,NM NM NPL,NM N N,NM NM N,NM N NPL,{'opencv.srcml.xml_identifiers'},C++
current Sequence,NM N,NM N,NM N,NM N,{'QuantLib.srcml.xml_identifiers'},C++
DEPOT MESSAGE START,NM NM N,N N N,NM NM N,N N N,{'kdevelop.srcml.xml_identifiers'},C++
drift term,NM N,N N,NM N,N N,{'QuantLib.srcml.xml_identifiers'},C++
dst Type 1,NM N D,N N N,NM NM N,N N D,{'opencv.srcml.xml_identifiers'},C++
error Mark Type,NM NM N,N N N,NM NM N,N N N,{'kdevelop.srcml.xml_identifiers'},C++
event 0,N D,N N,NM N,N D,{'QuantLib.srcml.xml_identifiers'},C++
expect rows,NM NPL,N N,NM N,V NPL,{'opencv.srcml.xml_identifiers'},C++
extra Inhabitants Mask,NM NM N,NM N N,NM NM N,NM N N,{'swift.srcml.xml_identifiers'},C++
f Cos,NM N,N N,NM N,N N,{'ogre.srcml.xml_identifiers'},C++
f curve Found,NM N V,N N N,NM NM N,N N N,{'ogre.srcml.xml_identifiers'},C++
f m m,NM NM N,N NM N,NM NM NM,N N N,{'kdevelop.srcml.xml_identifiers'},C++
f Ptr Out,PRE NM N,POSSEFAILURE,NM NM N,N N VM,{'openFrameworks.srcml.xml_identifiers'},C++
fast Load Success,VM V N,V N N,NM NM N,NM N N,{'ogre.srcml.xml_identifiers'},C++
feature Iterator,NM N,N N,NM N,V N,{'antlr4.srcml.xml_identifiers'},C++
field Offset Vector,NM NM N,N N N,NM NM N,N N N,{'swift.srcml.xml_identifiers'},C++
fixed Cam,NM N,NM N,NM N,NM N,{'irrlicht.srcml.xml_identifiers'},C++
fixed Leg Frequency,NM NM N,NM N N,NM NM N,NM N N,{'QuantLib.srcml.xml_identifiers'},C++
from Local Aabb Min,P NM NM N,P NM N N,NM NM NM N,P N N N,{'bullet3.srcml.xml_identifiers'},C++
future Active Doc,NM NM N,NM NM N,NM NM N,NM NM N,{'kdevelop.srcml.xml_identifiers'},C++
have Mask,V N,V N,NM N,V N,{'opencv.srcml.xml_identifiers'},C++
img stub,NM N,N N,NM N,N N,{'opencv.srcml.xml_identifiers'},C++
img Type,NM N,N N,NM N,N N,{'openFrameworks.srcml.xml_identifiers'},C++
inst Results,NM NPL,NM N,NM N,N NPL,{'swift.srcml.xml_identifiers'},C++
inv Flight K 2,NM NM N D,N N NM N,NM NM NM N,V N N D,{'QuantLib.srcml.xml_identifiers'},C++
inverted Direction,NM N,NM N,NM N,NM N,{'ogre.srcml.xml_identifiers'},C++
is Node A Left Child Leaf,V N DT NM NM N,POSSEFAILURE,NM NM NM NM NM N,V N N NM N N,{'bullet3.srcml.xml_identifiers'},C++
is Trained,V V,V V,NM N,V NM,{'opencv.srcml.xml_identifiers'},C++
items per second,NPL P N,N N N,NM NM N,NPL P N,{'grpc.srcml.xml_identifiers'},C++
joint Start,NM N,NM N,NM N,NM N,{'irrlicht.srcml.xml_identifiers'},C++
key Events Copy,NM NM N,NM N N,NM NM N,NM NPL V,{'openFrameworks.srcml.xml_identifiers'},C++
kinects Copy,NM N,N N,NM N,NPL V,{'openFrameworks.srcml.xml_identifiers'},C++
last Token Was Delete Or Default,NM N V N CJ N,V NM N N N N,DT NM NM NM NM N,NM N NM V CJ N,{'kdevelop.srcml.xml_identifiers'},C++
layer sizes,NM NPL,N N,NM N,N NPL,{'opencv.srcml.xml_identifiers'},C++
lhs Component,NM N,N N,NM N,V N,{'swift.srcml.xml_identifiers'},C++
line Y,NM N,N N,NM N,V N,{'calligra.srcml.xml_identifiers'},C++
link URL,NM N,N N,NM N,N N,{'calligra.srcml.xml_identifiers'},C++
lower tail,NM N,N N,NM N,NM N,{'calligra.srcml.xml_identifiers'},C++
mapped labels,NM NPL,N N,NM N,NM NPL,{'opencv.srcml.xml_identifiers'},C++
max basket,NM N,N N,NM N,N N,{'QuantLib.srcml.xml_identifiers'},C++
max input size,NM NM N,N N N,NM NM N,N N N,{'grpc.srcml.xml_identifiers'},C++
method index,NM N,N N,NM N,N N,{'grpc.srcml.xml_identifiers'},C++
mod Iface,NM N,NM N,NM N,N N,{'kdevelop.srcml.xml_identifiers'},C++
movie Media Handler,NM NM N,N N N,NM NM N,N N N,{'openFrameworks.srcml.xml_identifiers'},C++
n repeats,NM NPL,N N,NM N,N NPL,{'opencv.srcml.xml_identifiers'},C++
nd Formula,NM N,N N,NM N,N N,{'calligra.srcml.xml_identifiers'},C++
new Sil Type,NM NM N,NM NM N,NM NM N,NM N N,{'swift.srcml.xml_identifiers'},C++
next Fragment Expression,NM NM N,NM N N,DT NM N,NM N N,{'kdevelop.srcml.xml_identifiers'},C++
noise 1,N D,N N,NM N,N D,{'ogre.srcml.xml_identifiers'},C++
num metadata,NM N,N N,NM N,N N,{'grpc.srcml.xml_identifiers'},C++
number Of Joysticks,N P NPL,N P N,NM NM N,N P NPL,{'irrlicht.srcml.xml_identifiers'},C++
numbering Path,NM N,N N,NM N,N N,{'calligra.srcml.xml_identifiers'},C++
obj Proj,NM N,N N,NM N,V N,{'swift.srcml.xml_identifiers'},C++
ori W,NM N,N N,NM N,N N,{'bullet3.srcml.xml_identifiers'},C++
overriden Function It,NM NM N,N N N,NM NM PR,N N PR,{'kdevelop.srcml.xml_identifiers'},C++
PAI Arg,NM N,N N,NM N,N N,{'swift.srcml.xml_identifiers'},C++
passphrase,N,N,N,N,{'openFrameworks.srcml.xml_identifiers'},C++
pd Sum,NM N,N N,NM N,N N,{'QuantLib.srcml.xml_identifiers'},C++
platform String,NM N,N N,NM N,N N,{'openFrameworks.srcml.xml_identifiers'},C++
present Scaling,NM N,NM N,NM N,NM N,{'openFrameworks.srcml.xml_identifiers'},C++
prev num hooks,NM NM NPL,N N N,NM NM N,N N NPL,{'grpc.srcml.xml_identifiers'},C++
prev Signal Bar Count,NM NM NM N,N NM N N,NM NM NM N,V N N N,{'Telegram.srcml.xml_identifiers'},C++
prim Type,NM N,NM N,NM N,NM N,{'ogre.srcml.xml_identifiers'},C++
processing Level,NM N,N N,NM N,NM N,{'kdevelop.srcml.xml_identifiers'},C++
rectangle Index,NM N,N N,NM N,N N,{'irrlicht.srcml.xml_identifiers'},C++
REPL Module,NM N,N N,NM N,N N,{'swift.srcml.xml_identifiers'},C++
request bytes,NM NPL,N N,NM N,N NPL,{'grpc.srcml.xml_identifiers'},C++
rt Stream Ptr,NM NM N,N N N,NM NM N,P N N,{'openFrameworks.srcml.xml_identifiers'},C++
running Log Average,NM NM N,NM N N,NM NM N,NM N N,{'QuantLib.srcml.xml_identifiers'},C++
s Tracking System Name,PRE NM NM N,N N N N,NM NM NM N,NPL NM N N,{'bullet3.srcml.xml_identifiers'},C++
simple Fn Ty,NM NM N,NM N N,NM NM N,NM N N,{'swift.srcml.xml_identifiers'},C++
sin rot w,NM NM N,N N N,NM NM N,N N N,{'ogre.srcml.xml_identifiers'},C++
source Ty,NM N,N N,NM N,N N,{'swift.srcml.xml_identifiers'},C++
src File Info,NM NM N,N N N,NM NM N,N N N,{'kdevelop.srcml.xml_identifiers'},C++
src start idx,NM NM N,N N N,NM NM N,N N N,{'opencv.srcml.xml_identifiers'},C++
ssl creds,NM NPL,N N,NM N,N NPL,{'grpc.srcml.xml_identifiers'},C++
static Rect,NM N,NM N,NM N,NM N,{'irrlicht.srcml.xml_identifiers'},C++
step Size,NM N,N N,NM N,N N,{'QuantLib.srcml.xml_identifiers'},C++
step x,NM N,N N,NM N,V N,{'opencv.srcml.xml_identifiers'},C++
str args,NM NPL,N N,NM N,N NPL,{'kdevelop.srcml.xml_identifiers'},C++
sub start,NM N,NM N,N N,N N,{'openFrameworks.srcml.xml_identifiers'},C++
supported Style,NM N,NM N,NM N,NM N,{'irrlicht.srcml.xml_identifiers'},C++
tab Overlap,NM N,N N,NM N,N N,{'kdevelop.srcml.xml_identifiers'},C++
tagged Resources,NM NPL,NM N,NM N,NM N,{'calligra.srcml.xml_identifiers'},C++
temp Attrs,NM NPL,N N,NM N,N N,{'swift.srcml.xml_identifiers'},C++
tranched Loss After,NM N P,POSSEFAILURE,NM NM N,N N P,{'QuantLib.srcml.xml_identifiers'},C++
transform Unique Id,NM NM N,N NM N,NM NM N,V NM N,{'ogre.srcml.xml_identifiers'},C++
ui Index,NM N,N N,NM N,P N,{'ogre.srcml.xml_identifiers'},C++
use mat dirs,V NM NPL,V NM N,NM NM N,V N N,{'irrlicht.srcml.xml_identifiers'},C++
Val Size,NM N,N N,NM N,N N,{'grpc.srcml.xml_identifiers'},C++
value X,NM N,N N,NM N,N N,{'QuantLib.srcml.xml_identifiers'},C++
win Error,NM N,N N,NM N,V N,{'ogre.srcml.xml_identifiers'},C++
x 2,N D,NM N,NM N,N D,{'bullet3.srcml.xml_identifiers'},C++
a pos,PRE N,POSSEFAILURE,NM N,DT N,{'kdevelop.srcml.xml_identifiers'},C++
abs deadline n sec value,NM NM NM NM N,N N N NM N,NM NM NM NM N,NM N N N N,{'grpc.srcml.xml_identifiers'},C++
all Factors,DT NPL,DT N,DT N,DT NPL,{'QuantLib.srcml.xml_identifiers'},C++
alternative Cache Name,NM NM N,NM N N,NM NM N,NM N N,{'irrlicht.srcml.xml_identifiers'},C++
ambient coefficient,NM N,NM N,NM N,NM N,{'bullet3.srcml.xml_identifiers'},C++
animations Data,NM NPL,N N,NM N,NPL N,{'calligra.srcml.xml_identifiers'},C++
Array Struct Value,NM NM N,N N N,NM NM N,N N N,{'swift.srcml.xml_identifiers'},C++
b d c,NM NM N,N NM N,NM NM N,N N N,{'QuantLib.srcml.xml_identifiers'},C++
b Flip Horizontally,PRE V VM,POSSEFAILURE,NM NM N,N N N,{'openFrameworks.srcml.xml_identifiers'},C++
b Multi Fullscreen,PRE NM N,N N N,NM NM N,N N N,{'openFrameworks.srcml.xml_identifiers'},C++
bibliography Type,NM N,N N,NM N,N N,{'calligra.srcml.xml_identifiers'},C++
block Nr,NM N,N N,NM N,V N,{'calligra.srcml.xml_identifiers'},C++
bone Positions,NM NPL,NM N,NM N,N NPL,{'ogre.srcml.xml_identifiers'},C++
Bridged Value Fun Arg,NM NM NM N,N N N N,NM NM NM N,N N N N,{'swift.srcml.xml_identifiers'},C++
brush Hatch,NM N,N N,NM N,V N,{'calligra.srcml.xml_identifiers'},C++
buf Num,NM N,N N,NM N,N N,{'irrlicht.srcml.xml_identifiers'},C++
built Url,NM N,NM N,NM N,NM N,{'kdevelop.srcml.xml_identifiers'},C++
byte Array View,NM NM N,N N N,NM NM N,V N N,{'kdevelop.srcml.xml_identifiers'},C++
c problem,NM N,NM N,NM N,N N,{'blender.srcml.xml_identifiers'},C++
cache file,NM N,N N,NM N,N N,{'kdevelop.srcml.xml_identifiers'},C++
color Map,NM N,NM N,NM N,N N,{'calligra.srcml.xml_identifiers'},C++
connection state,NM N,N N,NM N,N N,{'grpc.srcml.xml_identifiers'},C++
current Root,NM N,NM N,NM N,NM N,{'QuantLib.srcml.xml_identifiers'},C++
D mat,NM N,NM N,NM N,N N,{'opencv.srcml.xml_identifiers'},C++
default Auto Entry,NM NM N,N N N,NM NM N,N N N,{'ogre.srcml.xml_identifiers'},C++
default mat x,NM NM N,N NM N,NM NM N,N N N,{'opencv.srcml.xml_identifiers'},C++
desktop Size,NM N,N N,NM N,N N,{'irrlicht.srcml.xml_identifiers'},C++
discount Factor,NM N,N N,NM N,N N,{'QuantLib.srcml.xml_identifiers'},C++
do Caps,V NPL,V N,NM N,V N,{'QuantLib.srcml.xml_identifiers'},C++
docking Area,NM N,N N,NM N,N N,{'kdevelop.srcml.xml_identifiers'},C++
driver Type Name,NM NM N,N N N,NM NM N,N N N,{'ogre.srcml.xml_identifiers'},C++
dst map 2,NM N D,N N N,NM NM N,N N D,{'opencv.srcml.xml_identifiers'},C++
Edit Length,NM N,N N,NM N,V N,{'swift.srcml.xml_identifiers'},C++
End Snapshot,NM N,N N,NM N,N N,{'swift.srcml.xml_identifiers'},C++
EPS,N,N,N,NPL,{'QuantLib.srcml.xml_identifiers'},C++
err ret,NM N,V N,NM N,V N,{'Telegram.srcml.xml_identifiers'},C++
existing symlink,NM N,NM N,NM N,NM N,{'grpc.srcml.xml_identifiers'},C++
f Tolerance,NM N,N N,NM N,N N,{'ogre.srcml.xml_identifiers'},C++
folder Names,NM NPL,N N,NM N,N NPL,{'openFrameworks.srcml.xml_identifiers'},C++
force Direct,V N,V NM,NM N,V N,{'kdevelop.srcml.xml_identifiers'},C++
Func,N,N,N,N,{'opencv.srcml.xml_identifiers'},C++
gauss Lobatto Eps,NM NM N,N N N,NM NM N,V N N,{'QuantLib.srcml.xml_identifiers'},C++
grouping,N,N,N,NM,{'grpc.srcml.xml_identifiers'},C++
handle Pos,NM N,N N,NM N,V N,{'calligra.srcml.xml_identifiers'},C++
html File,NM N,N N,NM N,N N,{'calligra.srcml.xml_identifiers'},C++
i var Initializer,NM NM N,NM N N,NM NM N,N N N,{'swift.srcml.xml_identifiers'},C++
in,N,POSSEFAILURE,N,N,{'bullet3.srcml.xml_identifiers'},C++
index Tensor,NM N,N N,NM N,N N,{'opencv.srcml.xml_identifiers'},C++
inner Angle,NM N,NM N,NM N,NM N,{'ogre.srcml.xml_identifiers'},C++
institution,N,N,N,N,{'calligra.srcml.xml_identifiers'},C++
int Hex String,NM NM N,N NM N,NM NM N,V N N,{'openFrameworks.srcml.xml_identifiers'},C++
is Friend,V N,V N,NM N,V N,{'kdevelop.srcml.xml_identifiers'},C++
is V,V NM,N N,NM N,V N,{'swift.srcml.xml_identifiers'},C++
is Vaild,V NM,V N,NM N,V N,{'ogre.srcml.xml_identifiers'},C++
key,N,N,N,NM,{'kdevelop.srcml.xml_identifiers'},C++
key Frame 2,NM N D,NM N N,NM NM N,NM N D,{'ogre.srcml.xml_identifiers'},C++
labels,NPL,N,N,NPL,{'opencv.srcml.xml_identifiers'},C++
len r,NM N,N N,NM N,N N,{'bullet3.srcml.xml_identifiers'},C++
light Dim,NM N,N NM,NM N,NM N,{'irrlicht.srcml.xml_identifiers'},C++
literal Bucket,NM N,NM N,NM N,NM N,{'swift.srcml.xml_identifiers'},C++
locking,V,N,N,NM,{'grpc.srcml.xml_identifiers'},C++
max scale f,NM NM N,N N N,NM NM N,N N N,{'opencv.srcml.xml_identifiers'},C++
Min Error,NM N,N N,NM N,N N,{'opencv.srcml.xml_identifiers'},C++
mkt Factors,NM NPL,N N,NM N,N NPL,{'QuantLib.srcml.xml_identifiers'},C++
n Shininess,NM N,N N,NM N,N N,{'openFrameworks.srcml.xml_identifiers'},C++
next Line,NM N,NM N,DT N,P N,{'kdevelop.srcml.xml_identifiers'},C++
num Active Contexts,NM NM NPL,N NM N,NM NM N,N NM NPL,{'bullet3.srcml.xml_identifiers'},C++
num Factors,NM NPL,N N,NM N,N NPL,{'QuantLib.srcml.xml_identifiers'},C++
num Files,NM NPL,N N,NM N,N NPL,{'openFrameworks.srcml.xml_identifiers'},C++
operator Method Decls,NM NM NPL,N N N,NM NM N,N N N,{'swift.srcml.xml_identifiers'},C++
output array,NM N,N N,NM N,N N,{'grpc.srcml.xml_identifiers'},C++
palette size,NM N,N N,NM N,N N,{'bullet3.srcml.xml_identifiers'},C++
parent field,NM N,N N,NM N,N N,{'opencv.srcml.xml_identifiers'},C++
parsing,V,N,N,NM,{'calligra.srcml.xml_identifiers'},C++
pem key,NM N,N N,NM N,N N,{'grpc.srcml.xml_identifiers'},C++
pen Loaded,N V,N V,NM N,N NM,{'calligra.srcml.xml_identifiers'},C++
previous Index,NM N,NM N,NM N,NM N,{'calligra.srcml.xml_identifiers'},C++
previous Initial Value,NM NM N,NM NM N,NM NM N,NM NM N,{'QuantLib.srcml.xml_identifiers'},C++
previous Is Valid,N V NM,V NM,NM NM N,NM N N,{'calligra.srcml.xml_identifiers'},C++
print label flag,NM NM N,N N N,NM NM N,N N N,{'opencv.srcml.xml_identifiers'},C++
progressive,N,NM,N,NM,{'blender.srcml.xml_identifiers'},C++
project file,NM N,N N,NM N,N N,{'kdevelop.srcml.xml_identifiers'},C++
projects Dir,NM N,N N,NM N,NPL N,{'kdevelop.srcml.xml_identifiers'},C++
r,N,N,N,N,{'kdevelop.srcml.xml_identifiers'},C++
random Walk,NM N,NM N,NM N,NM V,{'QuantLib.srcml.xml_identifiers'},C++
rate Pointer,NM N,N N,NM N,N N,{'bullet3.srcml.xml_identifiers'},C++
read Operation,NM N,N N,NM N,V N,{'blender.srcml.xml_identifiers'},C++
Reference Range,NM N,N N,NM N,N N,{'swift.srcml.xml_identifiers'},C++
relative contrast,NM N,NM N,NM N,NM N,{'irrlicht.srcml.xml_identifiers'},C++
res Width,NM N,N N,NM N,V N,{'openFrameworks.srcml.xml_identifiers'},C++
Reserve Fn,NM N,N N,NM N,N N,{'swift.srcml.xml_identifiers'},C++
return Path,NM N,V N,NM N,N N,{'irrlicht.srcml.xml_identifiers'},C++
rot axis,NM N,N N,NM N,N N,{'blender.srcml.xml_identifiers'},C++
rotation Per Second,N P N,N N N,NM NM N,N P N,{'irrlicht.srcml.xml_identifiers'},C++
scene Node Type Name,NM NM NM N,N N N N,NM NM NM N,N N N N,{'irrlicht.srcml.xml_identifiers'},C++
separator Color,NM N,N N,NM N,V N,{'calligra.srcml.xml_identifiers'},C++
server list,NM N,N N,NM N,N N,{'grpc.srcml.xml_identifiers'},C++
settings,NPL,N,N,NPL,{'openFrameworks.srcml.xml_identifiers'},C++
Sibling Info,NM N,N N,NM N,N N,{'swift.srcml.xml_identifiers'},C++
size contents,NM NPL,NM N,NM N,N NPL,{'bullet3.srcml.xml_identifiers'},C++
sorted Indices Buf,NM NM N,NM N N,NM NM N,NM N N,{'opencv.srcml.xml_identifiers'},C++
src Gradient,NM N,N N,NM N,N N,{'calligra.srcml.xml_identifiers'},C++
start Dirs,NM NPL,N N,NM N,V N,{'kdevelop.srcml.xml_identifiers'},C++
Start Slot,NM N,N N,NM N,N N,{'ogre.srcml.xml_identifiers'},C++
start Up Fix Cost,NM NM NM N,V P N N,NM NM NM N,V VM V N,{'QuantLib.srcml.xml_identifiers'},C++
subroutine Slot Name,NM NM N,N N N,NM NM N,N N N,{'ogre.srcml.xml_identifiers'},C++
suppress File,V N,V N,NM N,V N,{'ogre.srcml.xml_identifiers'},C++
target,N,N,N,N,{'antlr4.srcml.xml_identifiers'},C++
tbl index,NM N,N N,NM N,N N,{'grpc.srcml.xml_identifiers'},C++
tick Freq,NM N,N N,NM N,V N,{'opencv.srcml.xml_identifiers'},C++
Top Dir,NM N,V N,NM N,N N,{'grpc.srcml.xml_identifiers'},C++
underlying Fx Correlation,NM NM N,NM N N,NM NM N,NM N N,{'QuantLib.srcml.xml_identifiers'},C++
undiscounted Amount,NM N,N N,NM N,NM N,{'QuantLib.srcml.xml_identifiers'},C++
usage,N,N,N,N,{'openFrameworks.srcml.xml_identifiers'},C++
use Shadows 1,V NPL D,V N N,NM NM N,V N D,{'bullet3.srcml.xml_identifiers'},C++
use Tabs,V NPL,V N,NM N,V N,{'kdevelop.srcml.xml_identifiers'},C++
utf8 size,NM N,N N,NM NM N,N N,{'grpc.srcml.xml_identifiers'},C++
validate On,V P,V P,NM N,V N,{'irrlicht.srcml.xml_identifiers'},C++
write Root,V N,N N,NM N,V N,{'irrlicht.srcml.xml_identifiers'},C++
y In,NM N,POSSEFAILURE,NM N,N N,{'ogre.srcml.xml_identifiers'},C++
yield MVs,NM NPL,N N,NM NM N,N NPL,{'swift.srcml.xml_identifiers'},C++
action View Show Master Pages,NM N V NM NPL,N N N NM N,NM NM NM NM N,N N N N N,{'calligra.srcml.xml_identifiers'},C++
b Loop,PRE N,N N,NM N,N N,{'openFrameworks.srcml.xml_identifiers'},C++
breakpoint,N,N,N,N,{'kdevelop.srcml.xml_identifiers'},C++
buffers,NPL,N,N,NPL,{'Telegram.srcml.xml_identifiers'},C++
calibration Phase,NM N,N V,NM N,N N,{'QuantLib.srcml.xml_identifiers'},C++
cat Risk,NM N,N N,NM N,N N,{'QuantLib.srcml.xml_identifiers'},C++
chosen Overrides,NM NPL,N N,NM N,NM NPL,{'kdevelop.srcml.xml_identifiers'},C++
color Conversion System,NM NM N,NM N N,NM NM N,N N N,{'calligra.srcml.xml_identifiers'},C++
core,N,N,N,N,{'QuantLib.srcml.xml_identifiers'},C++
Current Scene Node,NM NM N,NM N N,NM NM N,N N N,{'irrlicht.srcml.xml_identifiers'},C++
File,N,N,N,V,{'swift.srcml.xml_identifiers'},C++
float Day Counter,NM NM N,N N N,NM NM N,V N N,{'QuantLib.srcml.xml_identifiers'},C++
footnotes Position,NM N,N N,NM N,NPL N,{'calligra.srcml.xml_identifiers'},C++
group Boxes,NM NPL,N N,NM N,N NPL,{'kdevelop.srcml.xml_identifiers'},C++
handled Boxes,NM NPL,NM N,NM N,NM NPL,{'swift.srcml.xml_identifiers'},C++
history Action,NM N,N N,NM N,N N,{'kdevelop.srcml.xml_identifiers'},C++
im out shape,NM NM N,POSSEFAILURE,NM NM N,N P N,{'opencv.srcml.xml_identifiers'},C++
Invert Success,V N,V N,NM N,N N,{'swift.srcml.xml_identifiers'},C++
Is Bridged Argument,V NM N,N N N,NM NM N,V N N,{'swift.srcml.xml_identifiers'},C++
Is Return Bridged,V N NM,V N V,NM NM N,V N N,{'swift.srcml.xml_identifiers'},C++
keep Aspect,V N,V N,NM N,V N,{'calligra.srcml.xml_identifiers'},C++
last Saved Step,NM NM N,NM NM N,DT NM N,VM NM N,{'QuantLib.srcml.xml_identifiers'},C++
locations,NPL,N,N,NPL,{'QuantLib.srcml.xml_identifiers'},C++
m annotation,PRE N,NM N,NM N,N N,{'kdevelop.srcml.xml_identifiers'},C++
m contact Motion 1,PRE NM N D,NM N N N,NM NM NM N,N N N D,{'bullet3.srcml.xml_identifiers'},C++
m execute On Host,PRE V P N,V P N,NM NM NM N,N V P N,{'kdevelop.srcml.xml_identifiers'},C++
m First Render Queue,PRE NM NM N,NM NM N N,NM NM NM N,N N N N,{'ogre.srcml.xml_identifiers'},C++
m gpu Rays,PRE NM NPL,NM N N,NM NM N,N N NPL,{'bullet3.srcml.xml_identifiers'},C++
m is indx present,PRE V NM N,V N N,NM NM NM N,N V VM NM,{'opencv.srcml.xml_identifiers'},C++
m last Changed Location,PRE NM NM N,NM NM NM N,NM DT NM N,N NM N N,{'kdevelop.srcml.xml_identifiers'},C++
m Line Dash Offset,PRE NM NM N,NM N N N,NM NM NM N,N N N N,{'openFrameworks.srcml.xml_identifiers'},C++
m paste Mode,PRE NM N,NM N N,NM NM N,N V N,{'calligra.srcml.xml_identifiers'},C++
m reference,PRE N,NM N,NM N,N N,{'bullet3.srcml.xml_identifiers'},C++
m sbuf,PRE N,NM N,NM N,N N,{'ogre.srcml.xml_identifiers'},C++
m text Types,PRE NM NPL,NM N N,NM NM N,N N NPL,{'kdevelop.srcml.xml_identifiers'},C++
m weaver,PRE N,NM N,NM N,N N,{'kdevelop.srcml.xml_identifiers'},C++
m window Width,PRE NM N,NM N N,NM NM N,N N N,{'bullet3.srcml.xml_identifiers'},C++
m worker,PRE N,NM N,NM N,N N,{'kdevelop.srcml.xml_identifiers'},C++
m zoom Controller,PRE NM N,NM N N,NM NM N,N N N,{'kdevelop.srcml.xml_identifiers'},C++
max Buffer Size,NM NM N,N N N,NM NM N,N N N,{'opencv.srcml.xml_identifiers'},C++
max File Open,NM N NM,N N N,NM NM N,V N N,{'kdevelop.srcml.xml_identifiers'},C++
max width,NM N,N N,NM N,N N,{'openFrameworks.srcml.xml_identifiers'},C++
max Work Group Size,NM NM NM N,N N N N,NM NM NM N,V N N N,{'opencv.srcml.xml_identifiers'},C++
mtx,N,N,N,N,{'opencv.srcml.xml_identifiers'},C++
multiple Occurences,NM NPL,NM N,NM N,NM NPL,{'calligra.srcml.xml_identifiers'},C++
n d,NM N,N N,NM N,N N,{'QuantLib.srcml.xml_identifiers'},C++
new Strokes,NM NPL,NM N,NM N,NM NPL,{'calligra.srcml.xml_identifiers'},C++
new Y,NM N,NM N,NM N,NM N,{'calligra.srcml.xml_identifiers'},C++
nonce length,NM N,N N,NM N,NM N,{'grpc.srcml.xml_identifiers'},C++
Num Active Tris,NM NM NPL,N NM N,NM NM N,N NM N,{'irrlicht.srcml.xml_identifiers'},C++
number Elementary Vegas,NM NM NPL,N NM N,NM NM N,N N N,{'QuantLib.srcml.xml_identifiers'},C++
odf Symbol Type,NM NM N,N N N,NM NM N,N N N,{'calligra.srcml.xml_identifiers'},C++
reduction Indices,NM NPL,N N,NM N,N NPL,{'opencv.srcml.xml_identifiers'},C++
ref Point Offset Percent,NM NM NM N,N N N N,NM NM NM N,V N N N,{'calligra.srcml.xml_identifiers'},C++
Replace Text Context,NM NM N,N N N,NM NM N,V V N,{'swift.srcml.xml_identifiers'},C++
resamplers,NPL,N,N,NPL,{'Telegram.srcml.xml_identifiers'},C++
risky Annuity,NM N,NM N,NM N,NM N,{'QuantLib.srcml.xml_identifiers'},C++
row limit,NM N,N N,NM N,N N,{'grpc.srcml.xml_identifiers'},C++
script Event Action Factories,NM NM NM NPL,N N N N,NM NM NM N,N N N NPL,{'calligra.srcml.xml_identifiers'},C++
shift Values,NM NPL,N N,NM N,N NPL,{'QuantLib.srcml.xml_identifiers'},C++
show tags,V NPL,V N,NM N,N NPL,{'blender.srcml.xml_identifiers'},C++
Sprites,NPL,N,N,NPL,{'irrlicht.srcml.xml_identifiers'},C++
stack,N,N,N,V,{'grpc.srcml.xml_identifiers'},C++
Struct Ty,NM N,N N,NM N,N N,{'swift.srcml.xml_identifiers'},C++
Sub Module Name Visibility Pairs,NM NM NM NM NPL,N N N N N,NM NM NM NM N,N N N N NPL,{'swift.srcml.xml_identifiers'},C++
Then,N,N,N,VM,{'swift.srcml.xml_identifiers'},C++
tlv Symbols,NM NPL,N N,NM N,N NPL,{'swift.srcml.xml_identifiers'},C++
trade Price,NM N,N N,NM N,V N,{'QuantLib.srcml.xml_identifiers'},C++
unregistered request matcher,NM NM N,NM N N,NM NM N,NM N N,{'grpc.srcml.xml_identifiers'},C++
use Atm Spread,V NM N,V N N,NM NM N,V N N,{'QuantLib.srcml.xml_identifiers'},C++
val 32,N D,N NM,NM N,N D,{'opencv.srcml.xml_identifiers'},C++
value Hash,NM N,N N,NM N,N N,{'calligra.srcml.xml_identifiers'},C++
variables,NPL,N,N,NPL,{'QuantLib.srcml.xml_identifiers'},C++
w Width,NM N,N N,NM N,N N,{'ogre.srcml.xml_identifiers'},C++
weights Multipliers,NM NPL,N N,NM N,NPL NPL,{'opencv.srcml.xml_identifiers'},C++
whole regexp,NM N,NM N,NM N,NM N,{'grpc.srcml.xml_identifiers'},C++
z weight,NM N,N N,NM N,N N,{'QuantLib.srcml.xml_identifiers'},C++
ABC Opt,NM N,N V,NM N,N N,{'swift.srcml.xml_identifiers'},C++
Accessor Conformance Info,NM NM N,N N N,NM NM N,N N N,{'swift.srcml.xml_identifiers'},C++
Address Lowering,N V,N N,NM N,N N,{'swift.srcml.xml_identifiers'},C++
Apply Rewriter,NM N,N N,NM N,N N,{'swift.srcml.xml_identifiers'},C++
Ares Dns Resolver,NM NM N,N N N,NM NM N,N N N,{'grpc.srcml.xml_identifiers'},C++
Array Count Propagation,NM NM N,N N N,NM NM N,N N N,{'swift.srcml.xml_identifiers'},C++
Attribute,N,N,N,N,{'openFrameworks.srcml.xml_identifiers'},C++
Background Parser Private,NM N NM,N N N,NM NM N,N N N,{'kdevelop.srcml.xml_identifiers'},C++
Basket Payoff,NM N,N N,NM N,N N,{'QuantLib.srcml.xml_identifiers'},C++
bt Collision Shape,PRE NM N,N N N,NM NM N,P N NM,{'bullet3.srcml.xml_identifiers'},C++
bt Deformable Contact Constraint,PRE NM NM N,N NM N N,NM NM NM N,P NM N N,{'bullet3.srcml.xml_identifiers'},C++
bt Material,PRE N,N N,NM N,P N,{'bullet3.srcml.xml_identifiers'},C++
C Animated Mesh Scene Node,PRE NM NM NM N,NM NM N N N,NM NM NM NM N,N N N N N,{'irrlicht.srcml.xml_identifiers'},C++
C Archive Loader TAR,PRE NM N NM,NM N N N,NM NM NM N,N N N N,{'irrlicht.srcml.xml_identifiers'},C++
C At Background Color,PRE NM NM N,POSSEFAILURE,NM NM NM N,N P N N,{'openFrameworks.srcml.xml_identifiers'},C++
C At Font,PRE NM N,POSSEFAILURE,NM NM N,N P N,{'openFrameworks.srcml.xml_identifiers'},C++
C At Grayscale,PRE NM N,POSSEFAILURE,NM NM N,N P N,{'openFrameworks.srcml.xml_identifiers'},C++
C Burning Shader Raster Reference,PRE NM NM NM N,NM NM N N N,NM NM NM NM N,N N N N N,{'irrlicht.srcml.xml_identifiers'},C++
C D3D9 Render Target,PRE NM NM N,NM N N N,NM NM NM NM NM NM N,N N N N,{'irrlicht.srcml.xml_identifiers'},C++
C File Read Callback,PRE NM NM N,NM N N N,NM NM NM N,N N N N,{'irrlicht.srcml.xml_identifiers'},C++
C http2 Connector,PRE NM N,NM N N,NM NM NM N,N N N,{'grpc.srcml.xml_identifiers'},C++
C Image,PRE N,NM N,NM N,N N,{'irrlicht.srcml.xml_identifiers'},C++
C Image Writer JPG,PRE NM N NM,NM N N N,NM NM NM N,N N N N,{'irrlicht.srcml.xml_identifiers'},C++
C Skinned Mesh,PRE NM N,NM NM N,NM NM N,N N N,{'irrlicht.srcml.xml_identifiers'},C++
Camera Data,NM N,N N,NM N,N N,{'irrlicht.srcml.xml_identifiers'},C++
Caplet Variance Curve,NM NM N,N N N,NM NM N,N N N,{'QuantLib.srcml.xml_identifiers'},C++
Change Scroll,V N,N N,NM N,N N,{'calligra.srcml.xml_identifiers'},C++
Clause Matrix,NM N,N N,NM N,N N,{'swift.srcml.xml_identifiers'},C++
Clock,N,N,N,N,{'openFrameworks.srcml.xml_identifiers'},C++
Cmd Output Operation Type,NM NM NM N,N N N N,NM NM NM N,N N N N,{'ogre.srcml.xml_identifiers'},C++
Code Generator Private,NM N NM,N N N,NM NM N,N N N,{'kdevelop.srcml.xml_identifiers'},C++
Color Map,NM N,NM N,NM N,N N,{'opencv.srcml.xml_identifiers'},C++
Combine Paint Mask To Canvas Buffer To Paint Buf Alpha,NM NM N P NM N P NM NM N,POSSEFAILURE,NM NM NM NM NM NM NM NM NM N,V N N P N N P V N N,{'gimp.srcml.xml_identifiers.idents'},C++
Comp Mask,NM N,N N,NM N,N N,{'gimp.srcml.xml_identifiers.idents'},C++
Compiler Item,NM N,N N,NM N,N N,{'kdevelop.srcml.xml_identifiers'},C++
Const Parameter Float,NM NM N,N N N,NM NM N,N N N,{'ogre.srcml.xml_identifiers'},C++
Container Tab Bar,NM NM N,N N N,NM NM N,N N N,{'kdevelop.srcml.xml_identifiers'},C++
Contextualize Closures,V NPL,N N,NM N,N NPL,{'swift.srcml.xml_identifiers'},C++
Controlled Object,NM N,NM N,NM N,NM N,{'blender.srcml.xml_identifiers'},C++
Controller Value,NM N,N N,NM N,N N,{'ogre.srcml.xml_identifiers'},C++
Cq Event Queue,NM NM N,N N N,NM NM N,N N N,{'grpc.srcml.xml_identifiers'},C++
D Bus Proxy,NM NM N,NM N N,NM NM N,N N N,{'kdevelop.srcml.xml_identifiers'},C++
D3D11 Unsupported Gpu Program,NM NM NM N,N NM N N,NM NM NM NM NM NM N,N N N N,{'ogre.srcml.xml_identifiers'},C++
Data Access Repository Private,NM NM N NM,N N N N,NM NM NM N,N N N N,{'kdevelop.srcml.xml_identifiers'},C++
Declaration Context Private,NM N NM,N N N,NM NM N,N N N,{'kdevelop.srcml.xml_identifiers'},C++
Declaration Item,NM N,N N,NM N,N N,{'kdevelop.srcml.xml_identifiers'},C++
Define,N,V,N,V,{'calligra.srcml.xml_identifiers'},C++
Device Handler,NM N,N N,NM N,N N,{'opencv.srcml.xml_identifiers'},C++
Dispatch Mask Buffer Iterator,NM NM NM N,N N N N,NM NM NM N,N N N N,{'gimp.srcml.xml_identifiers.idents'},C++
Dispatch Paint Mask,NM NM N,N N N,NM NM N,N N N,{'gimp.srcml.xml_identifiers.idents'},C++
Dual Con Input Reader,NM NM NM N,NM N N N,NM NM NM N,NM N N N,{'blender.srcml.xml_identifiers'},C++
Dynamic Textured Cube Demo,NM NM NM N,NM NM N N,NM NM NM N,N N N N,{'bullet3.srcml.xml_identifiers'},C++
Explicit Euler Scheme,NM NM N,NM N N,NM NM N,N N N,{'QuantLib.srcml.xml_identifiers'},C++
Expression Finder,NM N,N N,NM N,N N,{'swift.srcml.xml_identifiers'},C++
Fd Black Scholes Vanilla Engine,NM NM NM NM N,N NM N NM N,NM NM NM NM N,N N N N N,{'QuantLib.srcml.xml_identifiers'},C++
File Item Delegate,NM NM N,N N N,NM NM N,V N N,{'calligra.srcml.xml_identifiers'},C++
File System Archive,NM NM N,N N N,NM NM N,V N N,{'ogre.srcml.xml_identifiers'},C++
Fixed Object,NM N,NM N,NM N,N N,{'blender.srcml.xml_identifiers'},C++
Frame 2,N D,N N,NM N,N D,{'blender.srcml.xml_identifiers'},C++
Generic Emissive Closure,NM NM N,NM N N,NM NM N,NM NM N,{'blender.srcml.xml_identifiers'},C++
Geometry Interface,NM N,N N,NM N,N N,{'bullet3.srcml.xml_identifiers'},C++
GL Config Attribs,PRE NM NPL,N N N,NM NM N,N N N,{'ogre.srcml.xml_identifiers'},C++
Globals As Members Table Reader Info,NPL P NPL NM NM N,POSSEFAILURE,NM NM NM NM NM N,NPL P N N N N,{'swift.srcml.xml_identifiers'},C++
GLX Configurator,NM N,N N,NM N,N N,{'ogre.srcml.xml_identifiers'},C++
HDR Listener,NM N,N N,NM N,N N,{'ogre.srcml.xml_identifiers'},C++
Heat Vision Listener,NM NM N,N N N,NM NM N,N N N,{'ogre.srcml.xml_identifiers'},C++
I Read File,NM NM N,NM N N,NM NM N,PR N N,{'irrlicht.srcml.xml_identifiers'},C++
Image Manager,NM N,N N,NM N,N N,{'blender.srcml.xml_identifiers'},C++
Internal FFMpeg Register,NM NM N,NM N N,NM NM NM N,N N N,{'opencv.srcml.xml_identifiers'},C++
Inverse Dynamics Example,NM NM N,NM N N,NM NM N,N N N,{'bullet3.srcml.xml_identifiers'},C++
Jnt Array Acc,NM NM N,N N N,NM NM N,N N N,{'blender.srcml.xml_identifiers'},C++
Ko Main Window Private,PRE NM N NM,N NM N N,NM NM NM N,N N N N,{'calligra.srcml.xml_identifiers'},C++
Ko Path Point Remove Command Private,PRE NM NM NM N NM,N N N N N N,NM NM NM NM NM N,N N N V N N,{'calligra.srcml.xml_identifiers'},C++
Ko Rgb U8 Invert Color Transformation,PRE NM NM NM NM N,N N N N NM N,NM NM NM NM NM NM N,N N N N N N,{'calligra.srcml.xml_identifiers'},C++
Ko Section End Private,PRE NM N NM,N N N N,NM NM NM N,N N N N,{'calligra.srcml.xml_identifiers'},C++
Ko Shadow Style Private,PRE NM N NM,N N N N,NM NM NM N,N N N N,{'calligra.srcml.xml_identifiers'},C++
Label Action,NM N,N N,NM N,N N,{'calligra.srcml.xml_identifiers'},C++
Label Drawing Widget,NM NM N,N N N,NM NM N,N N N,{'calligra.srcml.xml_identifiers'},C++
Layer Parameter,NM N,N N,NM N,N N,{'opencv.srcml.xml_identifiers'},C++
Layout Data,NM N,N N,NM N,N N,{'calligra.srcml.xml_identifiers'},C++
Less Dummy Gui Helper,NM NM NM N,NM NM N N,DT NM NM N,VM N N N,{'bullet3.srcml.xml_identifiers'},C++
Light Attenuation Value,NM NM N,NM N N,NM NM N,NM N N,{'ogre.srcml.xml_identifiers'},C++
List Level,NM N,N N,NM N,N N,{'calligra.srcml.xml_identifiers'},C++
Log Mixed Linear Cubic Interpolation,NM NM NM NM N,N NM NM NM N,NM NM NM NM N,V N N N N,{'QuantLib.srcml.xml_identifiers'},C++
Lsm Basis System,NM NM N,N N N,NM NM N,N N N,{'QuantLib.srcml.xml_identifiers'},C++
LVL Currency,NM N,N N,NM N,N N,{'QuantLib.srcml.xml_identifiers'},C++
Mask Components,NM NPL,N N,NM N,N N,{'gimp.srcml.xml_identifiers.idents'},C++
MultiCubic Spline,NM N,N N,NM N,N N,{'QuantLib.srcml.xml_identifiers'},C++
Net State Rule Default Type Internal,NM NM NM NM N NM,NM N N N N NM,NM NM NM NM NM N,N N N N N N,{'opencv.srcml.xml_identifiers'},C++
New Aggregate Builder Map,NM NM NM N,NM NM N N,NM NM NM N,NM NM N N,{'swift.srcml.xml_identifiers'},C++
Node Shape,NM N,N N,NM N,V NM,{'blender.srcml.xml_identifiers'},C++
Null Program,NM N,NM N,NM N,N N,{'ogre.srcml.xml_identifiers'},C++
Op Pool,NM N,N N,NM N,N N,{'opencv.srcml.xml_identifiers'},C++
Output Delegate Private,NM N NM,N N N,NM NM N,N N N,{'kdevelop.srcml.xml_identifiers'},C++
Parse Job Private,NM N NM,N N N,NM NM N,N N N,{'kdevelop.srcml.xml_identifiers'},C++
Part Document Private,NM N NM,N N N,NM NM N,N N N,{'kdevelop.srcml.xml_identifiers'},C++
Patch Coord Buffer,NM NM N,N N N,NM NM N,N N N,{'blender.srcml.xml_identifiers'},C++
Physics Client Example,NM NM N,N N N,NM NM N,N N N,{'bullet3.srcml.xml_identifiers'},C++
Piecewise Constant Abcd Variance,NM NM NM N,N NM N N,NM NM NM N,NM NM N N,{'QuantLib.srcml.xml_identifiers'},C++
Point 3,N D,N N,NM N,N D,{'opencv.srcml.xml_identifiers'},C++
Pointer Map,NM N,N N,NM N,N N,{'grpc.srcml.xml_identifiers'},C++
Predicate Wrapper,NM N,N N,NM N,N N,{'blender.srcml.xml_identifiers'},C++
Problem Reporter Factory,NM NM N,N N N,NM NM N,N N N,{'kdevelop.srcml.xml_identifiers'},C++
Process,N,N,N,V,{'gimp.srcml.xml_identifiers.idents'},C++
Project Controller Private,NM N NM,N N N,NM NM N,N N N,{'kdevelop.srcml.xml_identifiers'},C++
QR Detect,NM N,N V,NM N,N N,{'opencv.srcml.xml_identifiers'},C++
Quad,N,N,N,N,{'blender.srcml.xml_identifiers'},C++
Quote,N,N,N,N,{'QuantLib.srcml.xml_identifiers'},C++
Read Bitstream,V N,N N,NM N,N N,{'opencv.srcml.xml_identifiers'},C++
Reconstruct Update Callback,NM NM N,N N N,NM NM N,V N N,{'blender.srcml.xml_identifiers'},C++
Record Header,NM N,N N,NM N,N N,{'calligra.srcml.xml_identifiers'},C++
Refutable Pattern Initialization,NM NM N,NM N N,NM NM N,N N N,{'swift.srcml.xml_identifiers'},C++
Rest Client,NM N,N N,NM N,V N,{'openFrameworks.srcml.xml_identifiers'},C++
Risky Bond,NM N,NM N,NM N,N N,{'QuantLib.srcml.xml_identifiers'},C++
Rolling Friction Demo,NM NM N,NM N N,NM NM N,N N N,{'bullet3.srcml.xml_identifiers'},C++
RS Compute Operation,NM NM N,N N N,NM NM N,N N N,{'ogre.srcml.xml_identifiers'},C++
RS Stencil Operation,NM NM N,N N N,NM NM N,N N N,{'ogre.srcml.xml_identifiers'},C++
Setting Manager,NM N,N N,NM N,NM N,{'irrlicht.srcml.xml_identifiers'},C++
Simple Pressure,NM N,NM N,NM N,NM N,{'gimp.srcml.xml_identifiers.idents'},C++
SK Editor Consumer,NM NM N,N N N,NM NM N,N N N,{'swift.srcml.xml_identifiers'},C++
Stochastic Process,NM N,NM N,NM N,NM V,{'QuantLib.srcml.xml_identifiers'},C++
Temp Comp Mask,NM NM N,N N N,NM NM N,N N N,{'gimp.srcml.xml_identifiers.idents'},C++
Temperature Cauchy 1 D,NM N D NM,N N NM N,NM NM NM N,N N D N,{'QuantLib.srcml.xml_identifiers'},C++
Template Preview Icon Data,NM NM NM NPL,N N N N,NM NM NM N,N N N N,{'kdevelop.srcml.xml_identifiers'},C++
Tile Parameter Default Type Internal,NM NM NM N NM,N N N N NM,NM NM NM NM N,N N N N N,{'opencv.srcml.xml_identifiers'},C++
Timelapser,N,N,N,N,{'opencv.srcml.xml_identifiers'},C++
To String Walker,P N N,P N N,NM NM N,P N N,{'grpc.srcml.xml_identifiers'},C++
Tree Element,NM N,N N,NM N,N N,{'blender.srcml.xml_identifiers'},C++
Tuple LValue Emitter,NM NM N,N N N,NM NM N,N N N,{'swift.srcml.xml_identifiers'},C++
User 2 Internal Index,N P NM N,N NM NM N,NM NM NM N,N D N N,{'bullet3.srcml.xml_identifiers'},C++
Value,N,N,N,N,{'Telegram.srcml.xml_identifiers'},C++
Vanilla Forward Payoff,NM NM N,NM NM N,NM NM N,N N N,{'QuantLib.srcml.xml_identifiers'},C++
Vertex Position,NM N,N N,NM N,N N,{'bullet3.srcml.xml_identifiers'},C++
Video Capture DShow,NM NM N,N N N,NM NM NM N,N N N,{'opencv.srcml.xml_identifiers'},C++
Voronoi Fracture Demo,NM NM N,N N N,NM NM N,N N N,{'bullet3.srcml.xml_identifiers'},C++
Warning Failure Exception,NM NM N,NM N N,NM NM N,N N N,{'openFrameworks.srcml.xml_identifiers'},C++
Write Context,NM N,N N,NM N,V N,{'grpc.srcml.xml_identifiers'},C++
WSDLS Solver,NM N,N N,NM N,N N,{'blender.srcml.xml_identifiers'},C++
add Ordered List,V NM N,V NM N,V NM N,V NM N,{'mockito.srcml.xml_identifiers'},Java
add Unicode Script Codes To Names,V NM NM NPL P NPL,V N N N P N,V NM NM N P N,V N N NPL P NPL,{'antlr4.srcml.xml_identifiers'},Java
after Channel,P N,P N,NM N,P N,{'jenkins.srcml.xml_identifiers'},Java
append Python Style Escaped Code Point,V NM N NM NM N,V N N NM N N,V NM NM NM NM N,V N N V N N,{'antlr4.srcml.xml_identifiers'},Java
apply Margin Insets,V NM NPL,V N N,V NM N,V N NPL,{'Telegram.srcml.xml_identifiers'},Java
assign Lexer Token Types,V NM NM NPL,V N NM N,V NM NM N,V N N N,{'antlr4.srcml.xml_identifiers'},Java
biggest Constructor,NM N,NM N,NM N,NM N,{'mockito.srcml.xml_identifiers'},Java
binary Search Bytes,NM N NPL,NM N N,NM NM N,NM V NPL,{'okhttp.srcml.xml_identifiers'},Java
build Group Query,V NM N,V N N,V NM N,V N N,{'elasticsearch.srcml.xml_identifiers'},Java
build Lexer Rule Actions,V NM NM NPL,V N N N,V NM NM N,V N N NPL,{'antlr4.srcml.xml_identifiers'},Java
check Not Interface,V VM N,POSSEFAILURE,V DT N,V VM N,{'mockito.srcml.xml_identifiers'},Java
check Not Local,V VM N,POSSEFAILURE,V DT N,V VM N,{'mockito.srcml.xml_identifiers'},Java
class Annotations,NM NPL,N N,V N,N NPL,{'junit4.srcml.xml_identifiers'},Java
deep Stub,NM N,NM N,NM N,NM N,{'mockito.srcml.xml_identifiers'},Java
delete,V,V,V,V,{'elasticsearch.srcml.xml_identifiers'},Java
determine Strictness,V N,V N,V N,V N,{'mockito.srcml.xml_identifiers'},Java
do Forward,V V,V N,V N,V VM,{'jenkins.srcml.xml_identifiers'},Java
do Install Status,V NM N,V N N,V V N,V N N,{'jenkins.srcml.xml_identifiers'},Java
do Login Entry,V NM N,V N N,V NM N,V N N,{'jenkins.srcml.xml_identifiers'},Java
dump Core Map To String Builder,V NM N P NM N,V N N P N N,V NM N P NM N,V N N P N N,{'corenlp.srcml.xml_identifiers'},Java
dynamic Table Index,NM NM N,NM N N,NM NM N,NM N N,{'okhttp.srcml.xml_identifiers'},Java
expand Headers From Request,V NPL P N,V N P N,V N P N,V NPL P N,{'elasticsearch.srcml.xml_identifiers'},Java
extract Raw Type Of,V NM NM P,V NM N P,V NM N P,V N N P,{'mockito.srcml.xml_identifiers'},Java
find Source Subdir,V NM N,V N N,V NM N,V N N,{'antlr4.srcml.xml_identifiers'},Java
format Display Name,V NM N,V N N,V NM N,N V N,{'junit4.srcml.xml_identifiers'},Java
from Byte Buffers,P NM NPL,P N N,P NM N,P N N,{'elasticsearch.srcml.xml_identifiers'},Java
get Actual Values,V NM NPL,V NM N,V NM N,V NM NPL,{'junit4.srcml.xml_identifiers'},Java
get Artificial Op Prec Rule,V NM NM NM N,V NM N N N,V NM NM NM N,V NM N N N,{'antlr4.srcml.xml_identifiers'},Java
get Binary Side,V NM N,V NM N,V NM N,V NM N,{'corenlp.srcml.xml_identifiers'},Java